{
 "rpm": 4600.0,
 "cycles_used": 7,
 "stations": {
  "CSL_Intake_Pipe": {
   "orders_P": {
    "1.5": 0.047593364254549554,
    "3.0": 0.012354911967949614,
    "4.5": 0.013128907102815744,
    "6.0": 0.011034877166837681,
    "7.5": 0.006689239502064155,
    "dominant_order": 0.21428571428571427,
    "dominant_amp": 0.3001762854866267
   },
   "mean_P": 1.174967640674603,
   "supply_metric_Vpos": -0.21584926220132727,
   "supply_metric_Vneg": 0.05048770605682962
  },
  "CSL_Panel_Filter": {
   "orders_P": {
    "1.5": 0.2840543326078694,
    "3.0": 0.13032401350690492,
    "4.5": 0.06119655702819106,
    "6.0": 0.01768650923052612,
    "7.5": 0.006339889741360099,
    "dominant_order": 0.21428571428571427,
    "dominant_amp": 4.048317583238374
   },
   "mean_P": 4.559980662698412,
   "supply_metric_Vpos": -3.8437101015768795,
   "supply_metric_Vneg": 1.7969995727710604
  },
  "Bellmouth_1": {
   "orders_P": {
    "1.5": 0.20307808821490897,
    "3.0": 0.28255396110123027,
    "4.5": 0.1655553032079341,
    "6.0": 0.10443433986343462,
    "7.5": 0.09210371024008335,
    "dominant_order": 0.21428571428571427,
    "dominant_amp": 4.5203362974736985
   },
   "mean_P": 5.06776685079365,
   "supply_metric_Vpos": -2.33157502675452,
   "supply_metric_Vneg": 3.618212096648418
  },
  "Runner_Upper_1": {
   "orders_P": {
    "1.5": 0.4300498364588252,
    "3.0": 0.9877005014087675,
    "4.5": 2.0710649326612125,
    "6.0": 2.2190705133158435,
    "7.5": 1.4546074968650224,
    "dominant_order": 0.21428571428571427,
    "dominant_amp": 25.613112025762607
   },
   "mean_P": 19.13011555059524,
   "supply_metric_Vpos": -14.52710724483837,
   "supply_metric_Vneg": 20.49847105892795
  },
  "EqRail_Tap_1": {
   "orders_P": {
    "1.5": 33.27452253251455,
    "3.0": 24.854729235119546,
    "4.5": 11.812370253510538,
    "6.0": 4.04205856252895,
    "7.5": 3.3983467398345764,
    "dominant_order": 0.21428571428571427,
    "dominant_amp": 70.42667297965431
   },
   "mean_P": 88.86285086031747,
   "supply_metric_Vpos": -33.0236518536235,
   "supply_metric_Vneg": 99.31663931710095
  },
  "Runner_Lower_1": {
   "orders_P": {
    "1.5": 0.5129432001538375,
    "3.0": 1.6052916140453466,
    "4.5": 1.8448024549967998,
    "6.0": 1.5634170769619335,
    "7.5": 0.7644095177745077,
    "dominant_order": 0.21428571428571427,
    "dominant_amp": 25.000743136982695
   },
   "mean_P": 18.70048207797619,
   "supply_metric_Vpos": -6.5800713240116835,
   "supply_metric_Vneg": 40.09319776423683
  },
  "Bellmouth_2": {
   "orders_P": {
    "1.5": 0.15203074737185612,
    "3.0": 0.004388485673411959,
    "4.5": 0.09734341338810665,
    "6.0": 0.03945509984295842,
    "7.5": 0.024296877582952618,
    "dominant_order": 0.21428571428571427,
    "dominant_amp": 4.40517082547631
   },
   "mean_P": 5.034599592261905,
   "supply_metric_Vpos": -3.5683504395707635,
   "supply_metric_Vneg": 1.8916033056463917
  },
  "Runner_Upper_2": {
   "orders_P": {
    "1.5": 3.3270575288777664,
    "3.0": 1.7342568506547091,
    "4.5": 0.40571948254668805,
    "6.0": 0.41205355231913765,
    "7.5": 0.3766496244920987,
    "dominant_order": 0.21428571428571427,
    "dominant_amp": 8.982293373461484
   },
   "mean_P": 10.82146915079365,
   "supply_metric_Vpos": -9.44426744529116,
   "supply_metric_Vneg": 8.781630181355574
  },
  "EqRail_Tap_2": {
   "orders_P": {
    "1.5": 53.27865172551168,
    "3.0": 22.75960739498334,
    "4.5": 16.194050816063648,
    "6.0": 7.181865799253969,
    "7.5": 5.6135906553668065,
    "dominant_order": 0.5,
    "dominant_amp": 84.36539141597471
   },
   "mean_P": 104.53341439166668,
   "supply_metric_Vpos": -101.1789700330631,
   "supply_metric_Vneg": 84.6152754508383
  },
  "Runner_Lower_2": {
   "orders_P": {
    "1.5": 3.2921294332443685,
    "3.0": 1.7171781613177866,
    "4.5": 0.36342865585469925,
    "6.0": 0.45902796074356966,
    "7.5": 0.4157307157161263,
    "dominant_order": 0.21428571428571427,
    "dominant_amp": 9.067553581012593
   },
   "mean_P": 10.782724702380953,
   "supply_metric_Vpos": 1.7882382049668202,
   "supply_metric_Vneg": 3.947688401580484
  },
  "Bellmouth_3": {
   "orders_P": {
    "1.5": 0.18793902107082422,
    "3.0": 0.279181361922644,
    "4.5": 0.04316173991027799,
    "6.0": 0.036088372376890485,
    "7.5": 0.09329949242239693,
    "dominant_order": 0.21428571428571427,
    "dominant_amp": 4.9696899339258325
   },
   "mean_P": 5.577568641666667,
   "supply_metric_Vpos": -4.715588958614608,
   "supply_metric_Vneg": 2.331575625041588
  },
  "Runner_Upper_3": {
   "orders_P": {
    "1.5": 2.009683857639372,
    "3.0": 1.434308742902335,
    "4.5": 1.5302741448843733,
    "6.0": 0.8455751685818279,
    "7.5": 0.44245485613350793,
    "dominant_order": 0.21428571428571427,
    "dominant_amp": 35.02437035500337
   },
   "mean_P": 28.639276424206354,
   "supply_metric_Vpos": -22.23459709817608,
   "supply_metric_Vneg": 14.300908253544659
  },
  "EqRail_Tap_3": {
   "orders_P": {
    "1.5": 36.6799902748432,
    "3.0": 23.356737588986956,
    "4.5": 22.52957865764168,
    "6.0": 8.77100803132541,
    "7.5": 8.42025075414737,
    "dominant_order": 0.21428571428571427,
    "dominant_amp": 86.97710009463228
   },
   "mean_P": 144.8084518605754,
   "supply_metric_Vpos": -7.603140951029047,
   "supply_metric_Vneg": 60.50329216398069
  },
  "Runner_Lower_3": {
   "orders_P": {
    "1.5": 1.7205907948716939,
    "3.0": 1.7075750396053042,
    "4.5": 1.279862950017723,
    "6.0": 0.7498850775562677,
    "7.5": 0.7900337312926452,
    "dominant_order": 0.21428571428571427,
    "dominant_amp": 34.795703462715636
   },
   "mean_P": 28.250941642242065,
   "supply_metric_Vpos": -16.614323660125603,
   "supply_metric_Vneg": 44.851119681284246
  },
  "Bellmouth_4": {
   "orders_P": {
    "1.5": 0.44018405370193486,
    "3.0": 0.2574919445270749,
    "4.5": 0.23081254770168919,
    "6.0": 0.2398156925017479,
    "7.5": 0.1208184008097754,
    "dominant_order": 0.21428571428571427,
    "dominant_amp": 4.466918398522419
   },
   "mean_P": 5.330203725595237,
   "supply_metric_Vpos": -4.227723772978463,
   "supply_metric_Vneg": 1.368154880362713
  },
  "Runner_Upper_4": {
   "orders_P": {
    "1.5": 7.652781056577993,
    "3.0": 1.449433097639209,
    "4.5": 1.6057054874267964,
    "6.0": 1.4102950445114824,
    "7.5": 0.9348652485554981,
    "dominant_order": 0.21428571428571427,
    "dominant_amp": 15.523149107484922
   },
   "mean_P": 17.31562957519841,
   "supply_metric_Vpos": -11.255431429048617,
   "supply_metric_Vneg": 9.54567254110301
  },
  "EqRail_Tap_4": {
   "orders_P": {
    "1.5": 45.070063793673654,
    "3.0": 34.39906642294662,
    "4.5": 1.2615421554578485,
    "6.0": 11.518639859282274,
    "7.5": 13.762855395827899,
    "dominant_order": 0.07142857142857142,
    "dominant_amp": 115.2622985746919
   },
   "mean_P": 136.21147341448412,
   "supply_metric_Vpos": -109.50102022426103,
   "supply_metric_Vneg": 77.98533477554628
  },
  "Runner_Lower_4": {
   "orders_P": {
    "1.5": 7.456834888704819,
    "3.0": 1.2750051944860752,
    "4.5": 1.4367453243307402,
    "6.0": 1.698365806675913,
    "7.5": 1.0390519043463435,
    "dominant_order": 0.21428571428571427,
    "dominant_amp": 15.815986440479636
   },
   "mean_P": 17.22088011468254,
   "supply_metric_Vpos": -3.146601124497348,
   "supply_metric_Vneg": 21.64060613762737
  },
  "Bellmouth_5": {
   "orders_P": {
    "1.5": 0.456912042240584,
    "3.0": 0.3948079820025613,
    "4.5": 0.1991391654179937,
    "6.0": 0.16871076595107165,
    "7.5": 0.06083070399923104,
    "dominant_order": 0.21428571428571427,
    "dominant_amp": 4.503127358050573
   },
   "mean_P": 5.200421679960318,
   "supply_metric_Vpos": -3.3682448575377695,
   "supply_metric_Vneg": 2.9297283670818697
  },
  "Runner_Upper_5": {
   "orders_P": {
    "1.5": 5.379404796420381,
    "3.0": 2.6577763625775663,
    "4.5": 2.5073807683647913,
    "6.0": 2.4577713567152526,
    "7.5": 1.2476483648428434,