{
 "rpm": 4600.0,
 "cycles_used": 7,
 "stations": {
  "CSL_Intake_Pipe": {
   "orders_P": {
    "1.5": 0.048666415183343414,
    "3.0": 0.009653922904834163,
    "4.5": 0.004099532543899358,
    "6.0": 0.005492405235310618,
    "7.5": 0.009844334021294662,
    "dominant_order": 0.07142857142857142,
    "dominant_amp": 0.35634285392091264
   },
   "mean_P": 1.3326652579365081,
   "supply_metric_Vpos": null,
   "supply_metric_Vneg": 0.013019592782708145
  },
  "CSL_Panel_Filter": {
   "orders_P": {
    "1.5": 0.4109596263764995,
    "3.0": 0.2008855190988464,
    "4.5": 0.03309609759638918,
    "6.0": 0.025475837312040978,
    "7.5": 0.05683348646657714,
    "dominant_order": 0.07142857142857142,
    "dominant_amp": 5.276048581277083
   },
   "mean_P": 9.334223233531745,
   "supply_metric_Vpos": -8.321176551360576,
   "supply_metric_Vneg": 1.1663801852844156
  },
  "Bellmouth_1": {
   "orders_P": {
    "1.5": 0.38210242986456455,
    "3.0": 0.11799640463711944,
    "4.5": 0.24538118374428036,
    "6.0": 0.11347410882819092,
    "7.5": 0.12768504744044745,
    "dominant_order": 0.07142857142857142,
    "dominant_amp": 6.215976757056444
   },
   "mean_P": 10.422573381349205,
   "supply_metric_Vpos": 2.214955924775344,
   "supply_metric_Vneg": 2.341921802149555
  },
  "Runner_Upper_1": {
   "orders_P": {
    "1.5": 1.2075481540516462,
    "3.0": 1.8332721450250458,
    "4.5": 1.8230879026027091,
    "6.0": 3.166643087157172,
    "7.5": 1.5916209867179372,
    "dominant_order": 0.07142857142857142,
    "dominant_amp": 23.423870427861132
   },
   "mean_P": 22.143600536706348,
   "supply_metric_Vpos": -8.928453570858139,
   "supply_metric_Vneg": 22.067352258127013
  },
  "EqRail_Tap_1": {
   "orders_P": {
    "1.5": 37.386328733084824,
    "3.0": 11.616939324287667,
    "4.5": 5.068288130272221,
    "6.0": 2.055445666768691,
    "7.5": 2.8424280809076903,
    "dominant_order": 0.07142857142857142,
    "dominant_amp": 61.185754266862034
   },
   "mean_P": 59.80728375376985,
   "supply_metric_Vpos": -22.167581084235124,
   "supply_metric_Vneg": 125.70008869305316
  },
  "Runner_Lower_1": {
   "orders_P": {
    "1.5": 0.20489258571894867,
    "3.0": 0.8695731518190823,
    "4.5": 1.8058602746269365,
    "6.0": 2.3116869772723785,
    "7.5": 0.5977422974057673,
    "dominant_order": 0.07142857142857142,
    "dominant_amp": 22.42976703940118
   },
   "mean_P": 21.48348295654762,
   "supply_metric_Vpos": -6.389149356833617,
   "supply_metric_Vneg": 33.70143953239423
  },
  "Bellmouth_2": {
   "orders_P": {
    "1.5": 0.32188840831480015,
    "3.0": 0.14735315724107428,
    "4.5": 0.16360674559355542,
    "6.0": 0.11490764978589905,
    "7.5": 0.1432781632506291,
    "dominant_order": 0.07142857142857142,
    "dominant_amp": 6.083175648325096
   },
   "mean_P": 10.395877787301588,
   "supply_metric_Vpos": 3.4376742636273168,
   "supply_metric_Vneg": 0.635041729077086
  },
  "Runner_Upper_2": {
   "orders_P": {
    "1.5": 1.0099695885969144,
    "3.0": 0.1696238359425657,
    "4.5": 1.655718996170916,
    "6.0": 1.6334203193967163,
    "7.5": 0.4411184434748585,
    "dominant_order": 0.07142857142857142,
    "dominant_amp": 5.746880307112857
   },
   "mean_P": 13.78821135813492,
   "supply_metric_Vpos": 4.078915250123298,
   "supply_metric_Vneg": 4.966334149067983
  },
  "EqRail_Tap_2": {
   "orders_P": {
    "1.5": 49.882513151395315,
    "3.0": 4.648434620587969,
    "4.5": 4.691999964274337,
    "6.0": 5.933663631120925,
    "7.5": 0.7178971937292279,
    "dominant_order": 0.07142857142857142,
    "dominant_amp": 74.38331974887298
   },
   "mean_P": 69.0863621079365,
   "supply_metric_Vpos": -52.79634565737784,
   "supply_metric_Vneg": 53.83180898268576
  },
  "Runner_Lower_2": {
   "orders_P": {
    "1.5": 1.15798954816545,
    "3.0": 0.23162509939558784,
    "4.5": 1.5534889300648271,
    "6.0": 1.200922775234207,
    "7.5": 0.7994741582421319,
    "dominant_order": 0.07142857142857142,
    "dominant_amp": 5.510538197190152
   },
   "mean_P": 13.551576474801587,
   "supply_metric_Vpos": 2.4837279370458187,
   "supply_metric_Vneg": 2.527852116991605
  },
  "Bellmouth_3": {
   "orders_P": {
    "1.5": 0.3597702518761597,
    "3.0": 0.28580459046077733,
    "4.5": 0.21086081845207671,
    "6.0": 0.17666398577346853,
    "7.5": 0.04905621029765408,
    "dominant_order": 0.07142857142857142,
    "dominant_amp": 6.179658252072419
   },
   "mean_P": 10.826675011507936,
   "supply_metric_Vpos": 3.055469664776165,
   "supply_metric_Vneg": 1.7390674676937614
  },
  "Runner_Upper_3": {
   "orders_P": {
    "1.5": 1.390106428360015,
    "3.0": 0.7493337024243174,
    "4.5": 1.3448875683537465,
    "6.0": 2.2759880884627908,
    "7.5": 0.7059463656959982,
    "dominant_order": 0.07142857142857142,
    "dominant_amp": 35.916224226713844
   },
   "mean_P": 29.747299922619046,
   "supply_metric_Vpos": -14.866409491884784,
   "supply_metric_Vneg": 25.90406994563264
  },
  "EqRail_Tap_3": {
   "orders_P": {
    "1.5": 26.731720509953934,
    "3.0": 11.413094784835456,
    "4.5": 7.831824568843922,
    "6.0": 4.270775824491618,
    "7.5": 4.635522898117655,
    "dominant_order": 0.07142857142857142,
    "dominant_amp": 87.98311348640658
   },
   "mean_P": 82.87717203511906,
   "supply_metric_Vpos": -0.34303462330338164,
   "supply_metric_Vneg": 85.0671298942595
  },
  "Runner_Lower_3": {
   "orders_P": {
    "1.5": 1.340324401662867,
    "3.0": 0.6678966286350868,
    "4.5": 1.2909281121548137,
    "6.0": 2.2950816627866257,
    "7.5": 0.635495434002091,
    "dominant_order": 0.07142857142857142,
    "dominant_amp": 35.78463388423353
   },
   "mean_P": 29.511524773015868,
   "supply_metric_Vpos": -16.997904128608482,
   "supply_metric_Vneg": 47.710822073453585
  },
  "Bellmouth_4": {
   "orders_P": {
    "1.5": 0.5320343842486894,
    "3.0": 0.29059979443571643,
    "4.5": 0.302555933357529,
    "6.0": 0.11929654288101443,
    "7.5": 0.1628718071099442,
    "dominant_order": 0.07142857142857142,
    "dominant_amp": 6.009448625258846
   },
   "mean_P": 10.60001185813492,
   "supply_metric_Vpos": 3.343666680910143,
   "supply_metric_Vneg": 0.21001140052247536
  },
  "Runner_Upper_4": {
   "orders_P": {
    "1.5": 6.746633141004428,
    "3.0": 2.133842026522278,
    "4.5": 1.9718936704937524,
    "6.0": 1.5084155721519963,
    "7.5": 1.3159050515562278,
    "dominant_order": 0.21428571428571427,
    "dominant_amp": 13.94401412186629
   },
   "mean_P": 18.809710536507936,
   "supply_metric_Vpos": -2.436459985505472,
   "supply_metric_Vneg": 10.848337863601515
  },
  "EqRail_Tap_4": {
   "orders_P": {
    "1.5": 27.109221620229143,
    "3.0": 31.487088010702873,
    "4.5": 12.792717634323157,
    "6.0": 9.608265184574561,
    "7.5": 6.8832393501156615,
    "dominant_order": 0.07142857142857142,
    "dominant_amp": 93.9826156986699
   },
   "mean_P": 74.55731205,
   "supply_metric_Vpos": -44.54232837946222,
   "supply_metric_Vneg": 84.05589531971687
  },
  "Runner_Lower_4": {
   "orders_P": {
    "1.5": 6.580398958966862,
    "3.0": 2.291573266174794,
    "4.5": 1.8593539369877532,
    "6.0": 1.7426931195431277,
    "7.5": 1.1093612718983061,
    "dominant_order": 0.21428571428571427,
    "dominant_amp": 14.229171487860826
   },
   "mean_P": 18.671453475992063,
   "supply_metric_Vpos": -3.98676742224227,
   "supply_metric_Vneg": 18.199819532729688
  },
  "Bellmouth_5": {
   "orders_P": {
    "1.5": 0.5951714023713318,
    "3.0": 0.36355428422607905,
    "4.5": 0.2857734084307425,
    "6.0": 0.13755967530794125,
    "7.5": 0.11063765031722976,
    "dominant_order": 0.07142857142857142,
    "dominant_amp": 6.112070370448205
   },
   "mean_P": 10.603844956944444,
   "supply_metric_Vpos": 3.394757546107499,
   "supply_metric_Vneg": 1.4422720744956656
  },
  "Runner_Upper_5": {
   "orders_P": {
    "1.5": 4.93932452160863,
    "3.0": 2.4056556646490064,
    "4.5": 2.4660124554883684,
    "6.0": 2.637509665579909,
    "7.5": 1.7407834365020212,
    "dominant_order": 0.07142857142857142,