{
 "rpm": 3900,
 "cycles_used": 8,
 "stations": {
  "CSL_Intake_Pipe": {
   "orders_P": {
    "1.5": 8.851372948080932e-07,
    "3.0": 2.8769155198049303e-06,
    "4.5": 5.857256489084173e-08,
    "6.0": 3.722355843274488e-07,
    "7.5": 1.9689453190975442e-07,
    "dominant_order": 0.0625,
    "dominant_amp": 3.623324881154936e-05
   },
   "mean_P": 1.0184370746527776,
   "supply_metric_Vpos": -3.424528726370113e-05,
   "supply_metric_Vneg": 2.2925347222590986e-05
  },
  "CSL_Panel_Filter": {
   "orders_P": {
    "1.5": 7.761642464966074e-05,
    "3.0": 0.0024642929043858213,
    "4.5": 7.040295319159938e-05,
    "6.0": 0.00017260266489865287,
    "7.5": 1.8330968509900946e-05,
    "dominant_order": 3.0,
    "dominant_amp": 0.0024642929043858213
   },
   "mean_P": 1.0200461024305556,
   "supply_metric_Vpos": -0.0006518744916610419,
   "supply_metric_Vneg": null
  },
  "Bellmouth_1": {
   "orders_P": {
    "1.5": 0.0005173996288143732,
    "3.0": 0.0028525718616978575,
    "4.5": 0.00016858189191288893,
    "6.0": 0.00022613466164652195,
    "7.5": 5.816270933345791e-05,
    "dominant_order": 3.0,
    "dominant_amp": 0.0028525718616978575
   },
   "mean_P": 1.019577907986111,
   "supply_metric_Vpos": -0.0010468439944655294,
   "supply_metric_Vneg": 0.0012040960044623628
  },
  "Runner_Lower_1": {
   "orders_P": {
    "1.5": 0.015445491388577424,
    "3.0": 0.006314399493673509,
    "4.5": 0.005424658457341964,
    "6.0": 0.001243615875673934,
    "7.5": 0.0009907981021039867,
    "dominant_order": 3.5,
    "dominant_amp": 0.015533267763922791
   },
   "mean_P": 1.01900231875,
   "supply_metric_Vpos": -0.009073314881400396,
   "supply_metric_Vneg": 0.011105849993076733
  },
  "Bellmouth_2": {
   "orders_P": {
    "1.5": 0.0004576966355837374,
    "3.0": 0.0028533868795760594,
    "4.5": 0.00012275865789704199,
    "6.0": 0.0002601315528534029,
    "7.5": 4.332110850891155e-05,
    "dominant_order": 3.0,
    "dominant_amp": 0.0028533868795760594
   },
   "mean_P": 1.0196657760416667,
   "supply_metric_Vpos": -0.0006879929144754104,
   "supply_metric_Vneg": 0.001185870084739138
  },
  "Bellmouth_3": {
   "orders_P": {
    "1.5": 0.00039124757975318974,
    "3.0": 0.002910555040032201,
    "4.5": 0.00016298304050081777,
    "6.0": 0.00022163519019104065,
    "7.5": 4.251381069439206e-05,
    "dominant_order": 3.0,
    "dominant_amp": 0.002910555040032201
   },
   "mean_P": 1.0197084756944443,
   "supply_metric_Vpos": -0.0010603158285324987,
   "supply_metric_Vneg": 0.0013012195139421312
  },
  "Bellmouth_4": {
   "orders_P": {
    "1.5": 0.00042235429886611984,
    "3.0": 0.002891713135586423,
    "4.5": 0.00011428163034486314,
    "6.0": 0.0002429783781275509,
    "7.5": 2.236988169493562e-05,
    "dominant_order": 3.0,
    "dominant_amp": 0.002891713135586423
   },
   "mean_P": 1.0196679131944444,
   "supply_metric_Vpos": -0.000931077517018819,
   "supply_metric_Vneg": 0.0015464817754278215
  },
  "Bellmouth_5": {
   "orders_P": {
    "1.5": 0.0004474021558951595,
    "3.0": 0.002865656834874091,
    "4.5": 0.00014727596629505449,
    "6.0": 0.0002532577346046992,
    "7.5": 2.8079712875461373e-05,
    "dominant_order": 3.0,
    "dominant_amp": 0.002865656834874091
   },
   "mean_P": 1.0196685104166667,
   "supply_metric_Vpos": -0.0007786685548842875,
   "supply_metric_Vneg": 0.0013583367895848575
  },
  "Bellmouth_6": {
   "orders_P": {
    "1.5": 0.0004977342387200365,
    "3.0": 0.002844818842174228,
    "4.5": 0.00013351583853109792,
    "6.0": 0.0002337213998918168,
    "7.5": 2.2883103011703626e-05,
    "dominant_order": 3.0,
    "dominant_amp": 0.002844818842174228
   },
   "mean_P": 1.0195936892361113,
   "supply_metric_Vpos": -0.00115593512140455,
   "supply_metric_Vneg": 0.0012581149199026864
  }
 },
 "hz_per_order": 65.0,
 "bank_differential": {
  "1.5": 0.0008990977068267995,
  "3.0": 6.945030205415891e-06,
  "4.5": 0.0002015622986806781,
  "6.0": 8.861153649139026e-06,
  "7.5": 5.6565548346001585e-05,
  "dominant_order": 1.5,
  "dominant_amp": 0.0008990977068267995
 },
 "bank_differential_rms": 0.0006770827915573875,
 "box_mean_rms": 0.0026635036385704016,
 "tag": "base",
 "sets": {},
 "env_result": {
  "OPENWAM_HLLC": "1",
  "OPENWAM_THR_CHOKE": "1",
  "OPENWAM_THR_AGAIN": null,
  "OPENWAM_MOUTH_RAD": "0.4",
  "OPENWAM_MOUTH_RAD_W": "0.005",
  "OPENWAM_VEDIAG": "1",
  "OPENWAM_K_CEIL": null,
  "OPENWAM_FAST_OUTPUT": null,
  "OPENWAM_MOUTH_RAD_SKIP_CC": null
 }
}