{
 "rpm": 5300,
 "cycles_used": 8,
 "stations": {
  "CSL_Intake_Pipe": {
   "orders_P": {
    "1.5": 7.247842368279485e-06,
    "3.0": 2.0265185051179997e-05,
    "4.5": 2.055067702336307e-06,
    "6.0": 1.6193756286553572e-06,
    "7.5": 1.3714524259889807e-06,
    "dominant_order": 0.125,
    "dominant_amp": 0.00011639427943800575
   },
   "mean_P": 1.0180911354166666,
   "supply_metric_Vpos": -0.00011682027448078891,
   "supply_metric_Vneg": 0.00013886458333356444
  },
  "CSL_Panel_Filter": {
   "orders_P": {
    "1.5": 0.001289283441273393,
    "3.0": 0.004837918158252498,
    "4.5": 0.00038385811338833263,
    "6.0": 0.0005734452908557911,
    "7.5": 0.0002194824841577004,
    "dominant_order": 0.25,
    "dominant_amp": 0.014182569449269527
   },
   "mean_P": 1.0161069914930556,
   "supply_metric_Vpos": -0.006150962542231797,
   "supply_metric_Vneg": -0.0044873709110637705
  },
  "Bellmouth_1": {
   "orders_P": {
    "1.5": 0.00029160162162193844,
    "3.0": 0.006509648742548093,
    "4.5": 0.0007284781663102057,
    "6.0": 0.00034565889190261084,
    "7.5": 0.00025839948442584696,
    "dominant_order": 0.25,
    "dominant_amp": 0.014318456699686278
   },
   "mean_P": 1.015201546527778,
   "supply_metric_Vpos": -0.001981732489220178,
   "supply_metric_Vneg": 0.005301280213507287
  },
  "Runner_Lower_1": {
   "orders_P": {
    "1.5": 0.026653213300091173,
    "3.0": 0.02522499076267306,
    "4.5": 0.017981988498827435,
    "6.0": 0.006197919756538866,
    "7.5": 0.0038678445504626595,
    "dominant_order": 3.5,
    "dominant_amp": 0.04390498130269506
   },
   "mean_P": 1.0141782114583333,
   "supply_metric_Vpos": -0.012052194867807842,
   "supply_metric_Vneg": 0.025421400906565195
  },
  "Bellmouth_2": {
   "orders_P": {
    "1.5": 0.0005898308505827824,
    "3.0": 0.006257223832307969,
    "4.5": 0.0006155928079181965,
    "6.0": 0.00042136850483129665,
    "7.5": 0.00032240677677954673,
    "dominant_order": 0.25,
    "dominant_amp": 0.014247608624049985
   },
   "mean_P": 1.015411490625,
   "supply_metric_Vpos": -0.002586332449453499,
   "supply_metric_Vneg": -0.0032836823283952654
  },
  "Bellmouth_3": {
   "orders_P": {
    "1.5": 0.0006670000415747243,
    "3.0": 0.0062451337349926925,
    "4.5": 0.0005521202638445843,
    "6.0": 0.0004347881803401212,
    "7.5": 0.00031848803311595894,
    "dominant_order": 0.25,
    "dominant_amp": 0.014329318194846456
   },
   "mean_P": 1.0154345409722223,
   "supply_metric_Vpos": -0.0026624051154657824,
   "supply_metric_Vneg": 0.006042659264998473
  },
  "Bellmouth_4": {
   "orders_P": {
    "1.5": 0.0019325735337603542,
    "3.0": 0.0062520692118777175,
    "4.5": 0.0005952350212032933,
    "6.0": 0.0004282041916734966,
    "7.5": 0.00019563092847857573,
    "dominant_order": 0.25,
    "dominant_amp": 0.014288069461957455
   },
   "mean_P": 1.0154810171875,
   "supply_metric_Vpos": -0.0013635730951080394,
   "supply_metric_Vneg": 0.001114833566583151
  },
  "Bellmouth_5": {
   "orders_P": {
    "1.5": 0.00208678828430006,
    "3.0": 0.006235698700211953,
    "4.5": 0.00062455821694416,
    "6.0": 0.00043731592202703905,
    "7.5": 0.00018661370985588793,
    "dominant_order": 0.25,
    "dominant_amp": 0.014342780063672107
   },
   "mean_P": 1.0153356456597222,
   "supply_metric_Vpos": -0.0012956847159224516,
   "supply_metric_Vneg": 0.008285495531466625
  },
  "Bellmouth_6": {
   "orders_P": {
    "1.5": 0.002298069172236436,
    "3.0": 0.006509265682920271,
    "4.5": 0.0004748652234562277,
    "6.0": 0.00033839390870610573,
    "7.5": 0.00026173133680062436,
    "dominant_order": 0.25,
    "dominant_amp": 0.014246056907030642
   },
   "mean_P": 1.0152629734375,
   "supply_metric_Vpos": -0.005298588951065275,
   "supply_metric_Vneg": 0.003115925659616492
  }
 },
 "hz_per_order": 88.33333333333333,
 "bank_differential": {
  "1.5": 0.0015950254629002452,
  "3.0": 8.501665475934277e-06,
  "4.5": 0.0007642680551139485,
  "6.0": 2.4733664785180793e-06,
  "7.5": 9.007586194157713e-05,
  "dominant_order": 1.5,
  "dominant_amp": 0.0015950254629002452
 },
 "bank_differential_rms": 0.0013149609466716256,
 "box_mean_rms": 0.02423786450820681,
 "tag": "base",
 "sets": {},
 "env_result": {
  "OPENWAM_HLLC": "1",
  "OPENWAM_THR_CHOKE": "1",
  "OPENWAM_THR_AGAIN": null,
  "OPENWAM_MOUTH_RAD": "0.4",
  "OPENWAM_MOUTH_RAD_W": "0.005",
  "OPENWAM_VEDIAG": "1",
  "OPENWAM_K_CEIL": null,
  "OPENWAM_FAST_OUTPUT": null,
  "OPENWAM_MOUTH_RAD_SKIP_CC": null
 }
}