{
 "rpm": 2700,
 "cycles_used": 8,
 "stations": {
  "CSL_Intake_Pipe": {
   "orders_P": {
    "1.5": 6.169026103077369e-07,
    "3.0": 1.9838659131763888e-07,
    "4.5": 1.5973696087886186e-07,
    "6.0": 1.0982635758857349e-07,
    "7.5": 2.1555399555667687e-08,
    "dominant_order": 0.0625,
    "dominant_amp": 8.403906977464682e-06
   },
   "mean_P": 1.017124657986111,
   "supply_metric_Vpos": null,
   "supply_metric_Vneg": -1.4539789761069954e-06
  },
  "CSL_Panel_Filter": {
   "orders_P": {
    "1.5": 3.087008963648921e-05,
    "3.0": 0.0014953646151829151,
    "4.5": 1.8216001726939758e-05,
    "6.0": 0.0004072267537271756,
    "7.5": 1.4947899475689118e-05,
    "dominant_order": 3.0,
    "dominant_amp": 0.0014953646151829151
   },
   "mean_P": 1.0157064843749999,
   "supply_metric_Vpos": -0.0002628415585297361,
   "supply_metric_Vneg": null
  },
  "Bellmouth_1": {
   "orders_P": {
    "1.5": 0.00025133233253990485,
    "3.0": 0.001538108957887569,
    "4.5": 2.0949914623603686e-05,
    "6.0": 0.0004937514743825789,
    "7.5": 2.0264195044077017e-05,
    "dominant_order": 3.0,
    "dominant_amp": 0.001538108957887569
   },
   "mean_P": 1.0155692916666665,
   "supply_metric_Vpos": -0.0005298853019874983,
   "supply_metric_Vneg": 0.0007048591586762409
  },
  "Runner_Lower_1": {
   "orders_P": {
    "1.5": 0.007859279323879467,
    "3.0": 0.0009921312462297359,
    "4.5": 0.0030014714414751116,
    "6.0": 0.0031644088409644366,
    "7.5": 0.0053443767153185835,
    "dominant_order": 1.5,
    "dominant_amp": 0.007859279323879467
   },
   "mean_P": 1.0152779309027777,
   "supply_metric_Vpos": -0.004261594715544215,
   "supply_metric_Vneg": 0.0059386921627555544
  },
  "Bellmouth_2": {
   "orders_P": {
    "1.5": 0.00019878338500244958,
    "3.0": 0.0015518147058615251,
    "4.5": 2.9358659248769875e-05,
    "6.0": 0.0004840991718127861,
    "7.5": 1.3955735415190518e-05,
    "dominant_order": 3.0,
    "dominant_amp": 0.0015518147058615251
   },
   "mean_P": 1.015611376736111,
   "supply_metric_Vpos": -0.00030349198372658925,
   "supply_metric_Vneg": 0.0008454474554244751
  },
  "Bellmouth_3": {
   "orders_P": {
    "1.5": 0.00018975406282076117,
    "3.0": 0.0015533252113195497,
    "4.5": 2.8470428199714666e-05,
    "6.0": 0.0004883396589751149,
    "7.5": 9.707613743567762e-06,
    "dominant_order": 3.0,
    "dominant_amp": 0.0015533252113195497
   },
   "mean_P": 1.0156110677083332,
   "supply_metric_Vpos": -0.00031867085245895765,
   "supply_metric_Vneg": 0.0006098763246578098
  },
  "Bellmouth_4": {
   "orders_P": {
    "1.5": 0.0001213206982430258,
    "3.0": 0.0015537333897200356,
    "4.5": 1.3712412471278102e-05,
    "6.0": 0.0004875619858445695,
    "7.5": 2.498157626850413e-05,
    "dominant_order": 3.0,
    "dominant_amp": 0.0015537333897200356
   },
   "mean_P": 1.0156164722222223,
   "supply_metric_Vpos": -0.00037053947474152693,
   "supply_metric_Vneg": 0.0005868289833941276
  },
  "Bellmouth_5": {
   "orders_P": {
    "1.5": 0.00014359869654780751,
    "3.0": 0.0015532589584020225,
    "4.5": 1.1353688362845035e-05,
    "6.0": 0.0004852756579781547,
    "7.5": 2.4932444688675925e-05,
    "dominant_order": 3.0,
    "dominant_amp": 0.0015532589584020225
   },
   "mean_P": 1.0156026666666667,
   "supply_metric_Vpos": -0.00037030862351694616,
   "supply_metric_Vneg": 0.0006894007759008502
  },
  "Bellmouth_6": {
   "orders_P": {
    "1.5": 0.00018279850176480524,
    "3.0": 0.0015346874033506485,
    "4.5": 1.859320002148837e-05,
    "6.0": 0.00048256120843300523,
    "7.5": 2.5410715979865533e-05,
    "dominant_order": 3.0,
    "dominant_amp": 0.0015346874033506485
   },
   "mean_P": 1.0155753819444444,
   "supply_metric_Vpos": -0.0002853830160127746,
   "supply_metric_Vneg": 0.000623208662303254
  }
 },
 "hz_per_order": 45.0,
 "bank_differential": {
  "1.5": 0.00036222646702792057,
  "3.0": 1.600753801813502e-06,
  "4.5": 1.8646965016743406e-05,
  "6.0": 4.400811408550244e-06,
  "7.5": 1.4239337103935192e-05,
  "dominant_order": 1.5,
  "dominant_amp": 0.00036222646702792057
 },
 "bank_differential_rms": 0.0002614825716614916,
 "box_mean_rms": 0.0012818017324930822,
 "tag": "base",
 "sets": {},
 "env_result": {
  "OPENWAM_HLLC": "1",
  "OPENWAM_THR_CHOKE": "1",
  "OPENWAM_THR_AGAIN": null,
  "OPENWAM_MOUTH_RAD": "0.4",
  "OPENWAM_MOUTH_RAD_W": "0.005",
  "OPENWAM_VEDIAG": "1",
  "OPENWAM_K_CEIL": null,
  "OPENWAM_FAST_OUTPUT": null,
  "OPENWAM_MOUTH_RAD_SKIP_CC": null
 }
}