{
 "rpm": 4600,
 "cycles_used": 8,
 "stations": {
  "CSL_Intake_Pipe": {
   "orders_P": {
    "1.5": 0.001293017956289986,
    "3.0": 0.0005206055489935835,
    "4.5": 0.0003344545642505978,
    "6.0": 0.0002504753192516483,
    "7.5": 0.0002039173908090191,
    "dominant_order": 0.0625,
    "dominant_amp": 0.002504330472358242
   },
   "mean_P": 1.0177526805555555,
   "supply_metric_Vpos": -0.02145042860226798,
   "supply_metric_Vneg": 0.001289827297500823
  },
  "CSL_Panel_Filter": {
   "orders_P": {
    "1.5": 0.0020015914227199255,
    "3.0": 0.0015399096294058871,
    "4.5": 0.0005348434106808047,
    "6.0": 0.00028608164943767414,
    "7.5": 0.00029997671801849674,
    "dominant_order": 0.3125,
    "dominant_amp": 0.030003930899780942
   },
   "mean_P": 1.0281026366319446,
   "supply_metric_Vpos": 0.0011053762281512114,
   "supply_metric_Vneg": 0.09415373007833261
  },
  "Bellmouth_1": {
   "orders_P": {
    "1.5": 0.002527555105418127,
    "3.0": 0.0015228890065890892,
    "4.5": 0.000621282571282362,
    "6.0": 0.0003495249227175157,
    "7.5": 0.00033372656536823634,
    "dominant_order": 0.3125,
    "dominant_amp": 0.03097364021883335
   },
   "mean_P": 1.027990523611111,
   "supply_metric_Vpos": 0.0014845195628627739,
   "supply_metric_Vneg": -0.009845252253329884
  },
  "Runner_Lower_1": {
   "orders_P": {
    "1.5": 0.0180956998950871,
    "3.0": 0.004079708473615941,
    "4.5": 0.009547815343491414,
    "6.0": 0.001237247861841302,
    "7.5": 0.0017406453557545463,
    "dominant_order": 0.3125,
    "dominant_amp": 0.031591798430373234
   },
   "mean_P": 1.0263358842013888,
   "supply_metric_Vpos": -0.022508427049040103,
   "supply_metric_Vneg": 0.005108535475193854
  },
  "Bellmouth_2": {
   "orders_P": {
    "1.5": 0.0024634784372966306,
    "3.0": 0.0015208909375023373,
    "4.5": 0.0006910555582434082,
    "6.0": 0.00034290710401453113,
    "7.5": 0.00033895294518091374,
    "dominant_order": 0.3125,
    "dominant_amp": 0.03101266081392695
   },
   "mean_P": 1.028078273263889,
   "supply_metric_Vpos": 0.00869987315518328,
   "supply_metric_Vneg": 0.010367559452696629
  },
  "Bellmouth_3": {
   "orders_P": {
    "1.5": 0.0023876462009616447,
    "3.0": 0.0015645390653429509,
    "4.5": 0.0006057450219636119,
    "6.0": 0.0003321815826946489,
    "7.5": 0.00034794328139356516,
    "dominant_order": 0.3125,
    "dominant_amp": 0.030994669867949604
   },
   "mean_P": 1.0281728680555555,
   "supply_metric_Vpos": -0.006198360593305363,
   "supply_metric_Vneg": 0.01716237664511966
  },
  "Bellmouth_4": {
   "orders_P": {
    "1.5": 0.0014637320171459424,
    "3.0": 0.001559638889333463,
    "4.5": 0.0006483654114316575,
    "6.0": 0.00033080618718021225,
    "7.5": 0.00037082657033635555,
    "dominant_order": 0.3125,
    "dominant_amp": 0.030997698575117947
   },
   "mean_P": 1.0280981564236111,
   "supply_metric_Vpos": 0.005017361438269141,
   "supply_metric_Vneg": 0.001907173225667691
  },
  "Bellmouth_5": {
   "orders_P": {
    "1.5": 0.0014132497364522482,
    "3.0": 0.0015303142099181944,
    "4.5": 0.0006035126987887191,
    "6.0": 0.00034286829397599976,
    "7.5": 0.0003855600853857561,
    "dominant_order": 0.3125,
    "dominant_amp": 0.031020959448910177
   },
   "mean_P": 1.0281085362847224,
   "supply_metric_Vpos": -0.00829315719077095,
   "supply_metric_Vneg": -0.006884741558123464
  },
  "Bellmouth_6": {
   "orders_P": {
    "1.5": 0.001289621870027801,
    "3.0": 0.001574244528798218,
    "4.5": 0.0006681766777438805,
    "6.0": 0.00036779517997213927,
    "7.5": 0.00038354090443182027,
    "dominant_order": 0.3125,
    "dominant_amp": 0.030964167913120733
   },
   "mean_P": 1.0280130755208334,
   "supply_metric_Vpos": 0.013651526121022384,
   "supply_metric_Vneg": 0.0051477862706352795
  }
 },
 "hz_per_order": 76.66666666666667,
 "bank_differential": {
  "1.5": 0.0010767351065719024,
  "3.0": 1.893038847416248e-05,
  "4.5": 0.00017922925140505922,
  "6.0": 5.90370371327643e-06,
  "7.5": 5.367680037573614e-05,
  "dominant_order": 1.5,
  "dominant_amp": 0.0010767351065719024
 },
 "bank_differential_rms": 0.0008177004105954617,
 "box_mean_rms": 0.053256999221803145,
 "tag": "base",
 "sets": {},
 "env_result": {
  "OPENWAM_HLLC": "1",
  "OPENWAM_THR_CHOKE": "1",
  "OPENWAM_THR_AGAIN": null,
  "OPENWAM_MOUTH_RAD": "0.4",
  "OPENWAM_MOUTH_RAD_W": "0.005",
  "OPENWAM_VEDIAG": "1",
  "OPENWAM_K_CEIL": null,
  "OPENWAM_FAST_OUTPUT": null,
  "OPENWAM_MOUTH_RAD_SKIP_CC": null
 }
}