{
 "rpm": 4600,
 "cycles_used": 8,
 "stations": {
  "CSL_Intake_Pipe": {
   "orders_P": {
    "1.5": 2.0136319218111346e-06,
    "3.0": 1.1836011606936638e-06,
    "4.5": 7.583049006784146e-07,
    "6.0": 5.709322594027297e-07,
    "7.5": 3.167766719321787e-07,
    "dominant_order": 0.0625,
    "dominant_amp": 4.963237949628069e-05
   },
   "mean_P": 1.020396140625,
   "supply_metric_Vpos": null,
   "supply_metric_Vneg": -2.3688749024586286e-06
  },
  "PlenumBox_Seg_1": {
   "orders_P": {
    "1.5": 0.0026934413188949573,
    "3.0": 0.0018538395326445334,
    "4.5": 0.0025470932699984327,
    "6.0": 0.00023520264558300028,
    "7.5": 0.0002551539052006923,
    "dominant_order": 1.5,
    "dominant_amp": 0.0026934413188949573
   },
   "mean_P": 1.0165864331597223,
   "supply_metric_Vpos": -0.00023266953225031806,
   "supply_metric_Vneg": -0.0015108440019127034
  },
  "PlenumBox_Seg_2": {
   "orders_P": {
    "1.5": 0.0026799559532721547,
    "3.0": 0.0018061154900133269,
    "4.5": 0.002384627034335541,
    "6.0": 0.0002284527883306828,
    "7.5": 0.00014598229742320682,
    "dominant_order": 1.5,
    "dominant_amp": 0.0026799559532721547
   },
   "mean_P": 1.0168579062499998,
   "supply_metric_Vpos": 0.00022984948715976117,
   "supply_metric_Vneg": -0.0022169435342640487
  },
  "PlenumBox_Seg_3": {
   "orders_P": {
    "1.5": 0.002022575544866188,
    "3.0": 0.0017389696295445091,
    "4.5": 0.0016419684522954673,
    "6.0": 0.00016415592050422263,
    "7.5": 4.023932877225684e-05,
    "dominant_order": 1.5,
    "dominant_amp": 0.002022575544866188
   },
   "mean_P": 1.0168328229166665,
   "supply_metric_Vpos": 0.0001873068254263366,
   "supply_metric_Vneg": null
  },
  "PlenumBox_Seg_4": {
   "orders_P": {
    "1.5": 0.0008282161545208486,
    "3.0": 0.0019601441523349095,
    "4.5": 0.0005846682812273268,
    "6.0": 7.01572052690191e-05,
    "7.5": 3.225620222025556e-05,
    "dominant_order": 3.0,
    "dominant_amp": 0.0019601441523349095
   },
   "mean_P": 1.0168378072916666,
   "supply_metric_Vpos": 0.00014286781190042674,
   "supply_metric_Vneg": null
  },
  "PlenumBox_Seg_5": {
   "orders_P": {
    "1.5": 3.931315641804184e-05,
    "3.0": 0.002272989109930209,
    "4.5": 4.803207670272006e-05,
    "6.0": 5.4794765291991126e-05,
    "7.5": 2.1435579415759818e-05,
    "dominant_order": 3.0,
    "dominant_amp": 0.002272989109930209
   },
   "mean_P": 1.016807782986111,
   "supply_metric_Vpos": null,
   "supply_metric_Vneg": 0.00013930222112912283
  },
  "PlenumBox_Seg_6": {
   "orders_P": {
    "1.5": 0.0007546154169398914,
    "3.0": 0.0020079845495190023,
    "4.5": 0.0005655028447759639,
    "6.0": 4.735246474554347e-05,
    "7.5": 3.32053340311942e-05,
    "dominant_order": 3.0,
    "dominant_amp": 0.0020079845495190023
   },
   "mean_P": 1.0168474427083334,
   "supply_metric_Vpos": -0.001967442708333378,
   "supply_metric_Vneg": 0.00014172719098515252
  },
  "PlenumBox_Seg_7": {
   "orders_P": {
    "1.5": 0.0019379958814589112,
    "3.0": 0.0019270873018454558,
    "4.5": 0.0016351891728699217,
    "6.0": 8.415465159838138e-05,
    "7.5": 7.052390159609372e-05,
    "dominant_order": 1.5,
    "dominant_amp": 0.0019379958814589112
   },
   "mean_P": 1.0168508958333333,
   "supply_metric_Vpos": -0.001818986832625713,
   "supply_metric_Vneg": 9.15034492985356e-05
  },
  "PlenumBox_Seg_8": {
   "orders_P": {
    "1.5": 0.0025810920767553643,
    "3.0": 0.0020826661210413154,
    "4.5": 0.0024105488284327362,
    "6.0": 0.00014319063877217352,
    "7.5": 0.00011759068154670254,
    "dominant_order": 1.5,
    "dominant_amp": 0.0025810920767553643
   },
   "mean_P": 1.0168611319444443,
   "supply_metric_Vpos": 0.0007510221565660835,
   "supply_metric_Vneg": -0.00025604839526605083
  },
  "PlenumBox_Adp_1": {
   "orders_P": {
    "1.5": 0.0026817039531732557,
    "3.0": 0.0018080198212449877,
    "4.5": 0.002383054087188951,
    "6.0": 0.00022878297589770585,
    "7.5": 0.0001461629420033996,
    "dominant_order": 1.5,
    "dominant_amp": 0.0026817039531732557
   },
   "mean_P": 1.016853998263889,
   "supply_metric_Vpos": null,
   "supply_metric_Vneg": 9.07214998582262e-05
  },
  "PlenumBox_Adp_2": {
   "orders_P": {
    "1.5": 0.0020206006622516407,
    "3.0": 0.0017357375007608113,
    "4.5": 0.0016392106332510778,
    "6.0": 0.00016353211931646858,
    "7.5": 4.0155449229068316e-05,
    "dominant_order": 1.5,
    "dominant_amp": 0.0020206006622516407
   },
   "mean_P": 1.0168120225694444,
   "supply_metric_Vpos": null,
   "supply_metric_Vneg": 7.026991300662644e-05
  },
  "PlenumBox_Adp_3": {
   "orders_P": {
    "1.5": 0.0008289848158714659,
    "3.0": 0.001960861158127534,
    "4.5": 0.0005849627030197648,
    "6.0": 6.990344193503495e-05,
    "7.5": 3.212745754068811e-05,
    "dominant_order": 3.0,
    "dominant_amp": 0.001960861158127534
   },
   "mean_P": 1.016841326388889,
   "supply_metric_Vpos": null,
   "supply_metric_Vneg": 4.7121900581315046e-05
  },
  "PlenumBox_Adp_4": {
   "orders_P": {
    "1.5": 0.0007543642703038722,
    "3.0": 0.0019921199610282644,
    "4.5": 0.0005624023988303842,
    "6.0": 4.649993935944674e-05,
    "7.5": 3.244629831771508e-05,
    "dominant_order": 3.0,
    "dominant_amp": 0.0019921199610282644
   },
   "mean_P": 1.016743701388889,
   "supply_metric_Vpos": null,
   "supply_metric_Vneg": 9.547758904360215e-05
  },
  "PlenumBox_Adp_5": {
   "orders_P": {
    "1.5": 0.00193751633311705,
    "3.0": 0.001925770505239381,
    "4.5": 0.0016343725669855822,
    "6.0": 8.412248713643197e-05,
    "7.5": 7.067753761070205e-05,
    "dominant_order": 1.5,
    "dominant_amp": 0.00193751633311705
   },
   "mean_P": 1.0168429236111112,
   "supply_metric_Vpos": null,
   "supply_metric_Vneg": 8.379702753824603e-05
  },
  "PlenumBox_Adp_6": {
   "orders_P": {
    "1.5": 0.002581361661195672,
    "3.0": 0.0020838235625608033,
    "4.5": 0.0024082574973867303,
    "6.0": 0.00014276587202193106,
    "7.5": 0.00011923535947657118,
    "dominant_order": 1.5,
    "dominant_amp": 0.002581361661195672
   },
   "mean_P": 1.0168429288194445,
   "supply_metric_Vpos": null,
   "supply_metric_Vneg": 2.8535747957469937e-05
  },
  "CSL_Panel_Filter": {
   "orders_P": {
    "1.5": 4.567828201917121e-05,
    "3.0": 0.0023548760302873283,
    "4.5": 5.282322373152797e-05,
    "6.0": 5.792067233951038e-05,
    "7.5": 2.0949763621888316e-05,
    "dominant_order": 3.0,
    "dominant_amp": 0.0023548760302873283
   },
   "mean_P": 1.0168296562499999,
   "supply_metric_Vpos": null,
   "supply_metric_Vneg": 0.00013583078983159247
  },
  "Bellmouth_1": {
   "orders_P": {
    "1.5": 0.011424170912953663,
    "3.0": 0.0050773597426130804,
    "4.5": 0.00263854259038858,
    "6.0": 0.00025292040820529336,
    "7.5": 0.00024194257774207825,
    "dominant_order": 1.5,
    "dominant_amp": 0.011424170912953663
   },
   "mean_P": 1.0279604302083332,
   "supply_metric_Vpos": -0.014493007419986936,
   "supply_metric_Vneg": 0.013814489771967198
  },
  "Runner_Lower_1": {
   "orders_P": {
    "1.5": 0.028424366931769265,
    "3.0": 0.017404140682020005,
    "4.5": 0.005953618854478751,
    "6.0": 0.001924210971268824,
    "7.5": 0.0018017005931686382,
    "dominant_order": 1.5,
    "dominant_amp": 0.028424366931769265
   },
   "mean_P": 1.0264060475694445,
   "supply_metric_Vpos": -0.019759701242079375,
   "supply_metric_Vneg": 0.020193105056449445
  },
  "Bellmouth_2": {
   "orders_P": {
    "1.5": 0.010089490655351934,
    "3.0": 0.004969990672139864,
    "4.5": 0.00200079704809809,
    "6.0": 0.00011192703904205584,
    "7.5": 0.0003860749141727128,
    "dominant_order": 1.5,
    "dominant_amp": 0.010089490655351934
   },
   "mean_P": 1.0281123994791668,
   "supply_metric_Vpos": -0.009425928604045675,
   "supply_metric_Vneg": 0.011973878375003189
  },
  "Bellmouth_3": {
   "orders_P": {
    "1.5": 0.006949382463007811,
    "3.0": 0.004126463889200421,
    "4.5": 0.0016558718942958936,
    "6.0": 0.00016582598722812727,
    "7.5": 0.0004618656580235776,