{
 "rpm": 3900,
 "cycles_used": 8,
 "stations": {
  "CSL_Intake_Pipe": {
   "orders_P": {
    "1.5": 6.214517245153402e-06,
    "3.0": 1.0815047669343625e-05,
    "4.5": 5.246611113689785e-07,
    "6.0": 5.293370965765998e-07,
    "7.5": 4.856797629798648e-07,
    "dominant_order": 0.0625,
    "dominant_amp": 3.453418086687757e-05
   },
   "mean_P": 1.0174185746527777,
   "supply_metric_Vpos": -1.1751789965375181e-05,
   "supply_metric_Vneg": null
  },
  "PlenumConn_1_2": {
   "orders_P": {
    "1.5": 0.0020371374759380273,
    "3.0": 0.004411996727085685,
    "4.5": 0.0005934111421210721,
    "6.0": 0.0004404605563749773,
    "7.5": 0.0003972030698470511,
    "dominant_order": 3.0,
    "dominant_amp": 0.004411996727085685
   },
   "mean_P": 1.0169745920138888,
   "supply_metric_Vpos": -0.0004897782269341899,
   "supply_metric_Vneg": 0.0022411024765960352
  },
  "CSL_Panel_Filter": {
   "orders_P": {
    "1.5": 0.0020039682268052465,
    "3.0": 0.0038131147142625565,
    "4.5": 0.0004436119346896671,
    "6.0": 0.00030323835448557344,
    "7.5": 0.0002726293940841327,
    "dominant_order": 3.0,
    "dominant_amp": 0.0038131147142625565
   },
   "mean_P": 1.0170569131944445,
   "supply_metric_Vpos": -0.0019847087802784547,
   "supply_metric_Vneg": 0.0034623885698918944
  },
  "Bellmouth_1": {
   "orders_P": {
    "1.5": 0.0022719567532560256,
    "3.0": 0.004336568466720801,
    "4.5": 0.0006204583875943337,
    "6.0": 0.00047485729397817635,
    "7.5": 0.00036473864861736503,
    "dominant_order": 3.0,
    "dominant_amp": 0.004336568466720801
   },
   "mean_P": 1.016483421875,
   "supply_metric_Vpos": -0.0014978012918267503,
   "supply_metric_Vneg": 0.0020848516518310323
  },
  "Runner_Lower_1": {
   "orders_P": {
    "1.5": 0.019318880659674822,
    "3.0": 0.005578779170410015,
    "4.5": 0.006105026423671606,
    "6.0": 0.0007390484071072566,
    "7.5": 0.001212440053682788,
    "dominant_order": 1.5,
    "dominant_amp": 0.019318880659674822
   },
   "mean_P": 1.0159935626736112,
   "supply_metric_Vpos": -0.00997419336016736,
   "supply_metric_Vneg": 0.01429612072836628
  },
  "Bellmouth_2": {
   "orders_P": {
    "1.5": 0.0022398250028785216,
    "3.0": 0.0043171118197172145,
    "4.5": 0.0006474182512226222,
    "6.0": 0.0004406495663155064,
    "7.5": 0.00038770676102783513,
    "dominant_order": 3.0,
    "dominant_amp": 0.0043171118197172145
   },
   "mean_P": 1.016578626736111,
   "supply_metric_Vpos": -0.0010524797629776206,
   "supply_metric_Vneg": 0.0024765495156113815
  },
  "Bellmouth_3": {
   "orders_P": {
    "1.5": 0.0022509532355013007,
    "3.0": 0.0043764394919558755,
    "4.5": 0.0006339085455399243,
    "6.0": 0.000468833002933084,
    "7.5": 0.0003831505143660422,
    "dominant_order": 3.0,
    "dominant_amp": 0.0043764394919558755
   },
   "mean_P": 1.0165877881944445,
   "supply_metric_Vpos": -0.0012213896185420126,
   "supply_metric_Vneg": 0.0019518096649344674
  },
  "Bellmouth_4": {
   "orders_P": {
    "1.5": 0.005069611311509221,
    "3.0": 0.0015420335485008005,
    "4.5": 0.0002602086116862549,
    "6.0": 0.0012971276442236416,
    "7.5": 0.0006389304382910251,
    "dominant_order": 1.5,
    "dominant_amp": 0.005069611311509221
   },
   "mean_P": 1.0160270416666666,
   "supply_metric_Vpos": -0.0016091188235327625,
   "supply_metric_Vneg": 0.0026433726003409763
  },
  "Bellmouth_5": {
   "orders_P": {
    "1.5": 0.005089302170904685,
    "3.0": 0.0015015553391482786,
    "4.5": 0.0002917798742650519,
    "6.0": 0.001316382444558723,
    "7.5": 0.0006534736394604522,
    "dominant_order": 1.5,
    "dominant_amp": 0.005089302170904685
   },
   "mean_P": 1.0160096996527779,
   "supply_metric_Vpos": -0.0025923257757127782,
   "supply_metric_Vneg": 0.003448507279254276
  },
  "Bellmouth_6": {
   "orders_P": {
    "1.5": 0.0051400583756119065,
    "3.0": 0.0015393520292766802,
    "4.5": 0.00024242149048325903,
    "6.0": 0.0012919800312891536,
    "7.5": 0.0006421499369748,
    "dominant_order": 1.5,
    "dominant_amp": 0.0051400583756119065
   },
   "mean_P": 1.0159256493055555,
   "supply_metric_Vpos": -0.0024701666643736075,
   "supply_metric_Vneg": 0.0030718737799222406
  }
 },
 "hz_per_order": 65.0,
 "bank_differential": {
  "1.5": 0.007220365294707908,
  "3.0": 0.003989088259969522,
  "4.5": 0.0008077540807667255,
  "6.0": 0.0017503827107215517,
  "7.5": 0.001022843505866045,
  "dominant_order": 1.5,
  "dominant_amp": 0.007220365294707908
 },
 "bank_differential_rms": 0.006683772754057421,
 "box_mean_rms": 0.002714569539917333,
 "tag": "cellsN2",
 "sets": {
  "intake.plenum_box.model": "cells"
 },
 "env_result": {
  "OPENWAM_HLLC": "1",
  "OPENWAM_THR_CHOKE": "1",
  "OPENWAM_THR_AGAIN": null,
  "OPENWAM_MOUTH_RAD": "0.4",
  "OPENWAM_MOUTH_RAD_W": "0.005",
  "OPENWAM_VEDIAG": "1",
  "OPENWAM_K_CEIL": null,
  "OPENWAM_FAST_OUTPUT": null,
  "OPENWAM_MOUTH_RAD_SKIP_CC": null
 }
}